<?xml version="1.0" encoding="UTF-8"?>
<includes>

	<include name="DialogPVRInfo_coords1">
		<include condition="String.IsEqual(Skin.AspectRatio,16:9) + True">DialogPVRInfo_coords1_16:9</include>
		<include condition="String.IsEqual(Skin.AspectRatio,21:9)">DialogPVRInfo_coords1_21:9</include>
		<include condition="String.IsEqual(Skin.AspectRatio,16:9) + False">DialogPVRInfo_coords1_21:9_masked</include>
		<include condition="String.IsEqual(Skin.AspectRatio,4:3)">DialogPVRInfo_coords1_4:3</include>
	</include>
	<include name="DialogPVRInfo_coords1_16:9">
		<left>150</left>
		<top>225</top>
		<width>405</width>
		<height>600</height>
	</include>
	<include name="DialogPVRInfo_coords1_21:9">
		<left>150</left>
		<top>225</top>
		<width>405</width>
		<height>600</height>
	</include>
	<include name="DialogPVRInfo_coords1_21:9_masked">
		<left>150</left>
		<top>405</top>
		<width>405</width>
		<height>600</height>
	</include>
	<include name="DialogPVRInfo_coords1_4:3">
		<left>150</left>
		<top>225</top>
		<width>405</width>
		<height>600</height>
	</include>
	
	<include name="DialogPVRInfo_coords2">
		<include condition="String.IsEqual(Skin.AspectRatio,16:9) + True">DialogPVRInfo_coords2_16:9</include>
		<include condition="String.IsEqual(Skin.AspectRatio,21:9)">DialogPVRInfo_coords2_21:9</include>
		<include condition="String.IsEqual(Skin.AspectRatio,16:9) + False">DialogPVRInfo_coords2_21:9_masked</include>
		<include condition="String.IsEqual(Skin.AspectRatio,4:3)">DialogPVRInfo_coords2_4:3</include>
	</include>
	<include name="DialogPVRInfo_coords2_16:9">
		<left>820</left>
		<top>235</top>
		<width>1170</width>
		<height>36</height>
	</include>
	<include name="DialogPVRInfo_coords2_21:9">
		<left>820</left>
		<top>235</top>
		<width>1810</width>
		<height>36</height>
	</include>
	<include name="DialogPVRInfo_coords2_21:9_masked">
		<left>820</left>
		<top>415</top>
		<width>1810</width>
		<height>36</height>
	</include>
	<include name="DialogPVRInfo_coords2_4:3">
		<left>820</left>
		<top>235</top>
		<width>690</width>
		<height>36</height>
	</include>
	
	<include name="DialogPVRInfo_coords3">
		<include condition="String.IsEqual(Skin.AspectRatio,16:9) + True">DialogPVRInfo_coords3_16:9</include>
		<include condition="String.IsEqual(Skin.AspectRatio,21:9)">DialogPVRInfo_coords3_21:9</include>
		<include condition="String.IsEqual(Skin.AspectRatio,16:9) + False">DialogPVRInfo_coords3_21:9_masked</include>
		<include condition="String.IsEqual(Skin.AspectRatio,4:3)">DialogPVRInfo_coords3_4:3</include>
	</include>
	<include name="DialogPVRInfo_coords3_16:9">
		<left>600</left>
		<top>235</top>
	</include>
	<include name="DialogPVRInfo_coords3_21:9">
		<left>600</left>
		<top>235</top>
	</include>
	<include name="DialogPVRInfo_coords3_21:9_masked">
		<left>600</left>
		<top>415</top>
	</include>
	<include name="DialogPVRInfo_coords3_4:3">
		<left>600</left>
		<top>235</top>
	</include>
	
	<include name="DialogPVRInfo_coords4">
		<include condition="String.IsEqual(Skin.AspectRatio,16:9) + True">DialogPVRInfo_coords4_16:9</include>
		<include condition="String.IsEqual(Skin.AspectRatio,21:9)">DialogPVRInfo_coords4_21:9</include>
		<include condition="String.IsEqual(Skin.AspectRatio,16:9) + False">DialogPVRInfo_coords4_21:9_masked</include>
		<include condition="String.IsEqual(Skin.AspectRatio,4:3)">DialogPVRInfo_coords4_4:3</include>
	</include>
	<include name="DialogPVRInfo_coords4_16:9">
		<width>1170</width>
		<height>580</height>
	</include>
	<include name="DialogPVRInfo_coords4_21:9">
		<width>1810</width>
		<height>580</height>
	</include>
	<include name="DialogPVRInfo_coords4_21:9_masked">
		<width>1810</width>
		<height>580</height>
	</include>
	<include name="DialogPVRInfo_coords4_4:3">
		<width>690</width>
		<height>580</height>
	</include>
	
	<include name="DialogPVRInfo_coords5">
		<include condition="String.IsEqual(Skin.AspectRatio,16:9) + True">DialogPVRInfo_coords5_16:9</include>
		<include condition="String.IsEqual(Skin.AspectRatio,21:9)">DialogPVRInfo_coords5_21:9</include>
		<include condition="String.IsEqual(Skin.AspectRatio,16:9) + False">DialogPVRInfo_coords5_21:9_masked</include>
		<include condition="String.IsEqual(Skin.AspectRatio,4:3)">DialogPVRInfo_coords5_4:3</include>
	</include>
	<include name="DialogPVRInfo_coords5_16:9">
		<height>36</height>
		<width>1170</width>
	</include>
	<include name="DialogPVRInfo_coords5_21:9">
		<height>36</height>
		<width>1810</width>
	</include>
	<include name="DialogPVRInfo_coords5_21:9_masked">
		<height>36</height>
		<width>1810</width>
	</include>
	<include name="DialogPVRInfo_coords5_4:3">
		<height>36</height>
		<width>690</width>
	</include>
	
	<include name="DialogPVRInfo_coords6">
		<include condition="String.IsEqual(Skin.AspectRatio,16:9) + True">DialogPVRInfo_coords6_16:9</include>
		<include condition="String.IsEqual(Skin.AspectRatio,21:9)">DialogPVRInfo_coords6_21:9</include>
		<include condition="String.IsEqual(Skin.AspectRatio,16:9) + False">DialogPVRInfo_coords6_21:9_masked</include>
		<include condition="String.IsEqual(Skin.AspectRatio,4:3)">DialogPVRInfo_coords6_4:3</include>
	</include>
	<include name="DialogPVRInfo_coords6_16:9">
		<width>200</width>
		<height>36</height>
	</include>
	<include name="DialogPVRInfo_coords6_21:9">
		<width>200</width>
		<height>36</height>
	</include>
	<include name="DialogPVRInfo_coords6_21:9_masked">
		<width>200</width>
		<height>36</height>
	</include>
	<include name="DialogPVRInfo_coords6_4:3">
		<width>200</width>
		<height>36</height>
	</include>
	
	<include name="DialogPVRInfo_coords7">
		<include condition="String.IsEqual(Skin.AspectRatio,16:9) + True">DialogPVRInfo_coords7_16:9</include>
		<include condition="String.IsEqual(Skin.AspectRatio,21:9)">DialogPVRInfo_coords7_21:9</include>
		<include condition="String.IsEqual(Skin.AspectRatio,16:9) + False">DialogPVRInfo_coords7_21:9_masked</include>
		<include condition="String.IsEqual(Skin.AspectRatio,4:3)">DialogPVRInfo_coords7_4:3</include>
	</include>
	<include name="DialogPVRInfo_coords7_16:9">
		<left>220</left>
		<width>950</width>
		<height>36</height>
	</include>
	<include name="DialogPVRInfo_coords7_21:9">
		<left>220</left>
		<width>1610</width>
		<height>36</height>
	</include>
	<include name="DialogPVRInfo_coords7_21:9_masked">
		<left>220</left>
		<width>1610</width>
		<height>36</height>
	</include>
	<include name="DialogPVRInfo_coords7_4:3">
		<left>220</left>
		<width>490</width>
		<height>36</height>
	</include>
	
	<include name="DialogPVRInfo_coords8">
		<include condition="String.IsEqual(Skin.AspectRatio,16:9) + True">DialogPVRInfo_coords8_16:9</include>
		<include condition="String.IsEqual(Skin.AspectRatio,21:9)">DialogPVRInfo_coords8_21:9</include>
		<include condition="String.IsEqual(Skin.AspectRatio,16:9) + False">DialogPVRInfo_coords8_21:9_masked</include>
		<include condition="String.IsEqual(Skin.AspectRatio,4:3)">DialogPVRInfo_coords8_4:3</include>
	</include>
	<include name="DialogPVRInfo_coords8_16:9">
		<left>600</left>
		<top>235</top>
		<width>1170</width>
		<height>580</height>
	</include>
	<include name="DialogPVRInfo_coords8_21:9">
		<left>600</left>
		<top>235</top>
		<width>1810</width>
		<height>580</height>
	</include>
	<include name="DialogPVRInfo_coords8_21:9_masked">
		<left>600</left>
		<top>415</top>
		<width>1810</width>
		<height>580</height>
	</include>
	<include name="DialogPVRInfo_coords8_4:3">
		<left>600</left>
		<top>235</top>
		<width>690</width>
		<height>580</height>
	</include>

</includes>