<?xml version="1.0" encoding="UTF-8"?>
<includes>

	<include name="Custom_Disabled_Add-on_coords">
		<include condition="String.IsEqual(Skin.AspectRatio,16:9) + True">Custom_Disabled_Add-on_coords_16:9</include>
		<include condition="String.IsEqual(Skin.AspectRatio,21:9)">Custom_Disabled_Add-on_coords_21:9</include>
		<include condition="String.IsEqual(Skin.AspectRatio,16:9) + False">Custom_Disabled_Add-on_coords_21:9_masked</include>
		<include condition="String.IsEqual(Skin.AspectRatio,4:3)">Custom_Disabled_Add-on_coords_4:3</include>
	</include>
	<include name="Custom_Disabled_Add-on_coords_16:9">
		<centerleft>50%</centerleft>
		<centertop>50%</centertop>
		<width>1620</width>
		<height>600</height>
	</include>
	<include name="Custom_Disabled_Add-on_coords_21:9">
		<centerleft>50%</centerleft>
		<centertop>50%</centertop>
		<width>2260</width>
		<height>600</height>
	</include>
	<include name="Custom_Disabled_Add-on_coords_21:9_masked">
		<centerleft>50%</centerleft>
		<centertop>50%</centertop>
		<width>2260</width>
		<height>600</height>
	</include>
	<include name="Custom_Disabled_Add-on_coords_4:3">
		<centerleft>50%</centerleft>
		<centertop>50%</centertop>
		<width>1140</width>
		<height>600</height>
	</include>

</includes>