<?xml version="1.0" encoding="UTF-8"?>
<includes>

	<include name="DialogContextMenu_coords1">
		<include condition="String.IsEqual(Skin.AspectRatio,16:9) + True">DialogContextMenu_coords1_16:9</include>
		<include condition="String.IsEqual(Skin.AspectRatio,21:9)">DialogContextMenu_coords1_21:9</include>
		<include condition="String.IsEqual(Skin.AspectRatio,16:9) + False">DialogContextMenu_coords1_21:9_masked</include>
		<include condition="String.IsEqual(Skin.AspectRatio,4:3)">DialogContextMenu_coords1_4:3</include>
	</include>
	<include name="DialogContextMenu_coords1_16:9">
		<left>-100</left>
		<top>0</top>
		<width>550</width>
		<height>1080</height>
	</include>
	<include name="DialogContextMenu_coords1_21:9">
		<left>-100</left>
		<top>0</top>
		<width>550</width>
		<height>1080</height>
	</include>
	<include name="DialogContextMenu_coords1_21:9_masked">
		<left>-100</left>
		<top>0</top>
		<width>550</width>
		<height>1440</height>
	</include>
	<include name="DialogContextMenu_coords1_4:3">
		<left>-100</left>
		<top>0</top>
		<width>550</width>
		<height>1080</height>
	</include>
	
	<include name="DialogContextMenu_coords2">
		<include condition="String.IsEqual(Skin.AspectRatio,16:9) + True">DialogContextMenu_coords2_16:9</include>
		<include condition="String.IsEqual(Skin.AspectRatio,21:9)">DialogContextMenu_coords2_21:9</include>
		<include condition="String.IsEqual(Skin.AspectRatio,16:9) + False">DialogContextMenu_coords2_21:9_masked</include>
		<include condition="String.IsEqual(Skin.AspectRatio,4:3)">DialogContextMenu_coords2_4:3</include>
	</include>
	<include name="DialogContextMenu_coords2_16:9">
		<left>20</left>
		<top>20</top>
		<width>410</width>
		<height>1040</height>
	</include>
	<include name="DialogContextMenu_coords2_21:9">
		<left>20</left>
		<top>20</top>
		<width>410</width>
		<height>1040</height>
	</include>
	<include name="DialogContextMenu_coords2_21:9_masked">
		<left>20</left>
		<top>200</top>
		<width>410</width>
		<height>1040</height>
	</include>
	<include name="DialogContextMenu_coords2_4:3">
		<left>20</left>
		<top>20</top>
		<width>410</width>
		<height>1040</height>
	</include>
	
	<include name="DialogContextMenu_coords3">
		<include condition="String.IsEqual(Skin.AspectRatio,16:9) + True">DialogContextMenu_coords3_16:9</include>
		<include condition="String.IsEqual(Skin.AspectRatio,21:9)">DialogContextMenu_coords3_21:9</include>
		<include condition="String.IsEqual(Skin.AspectRatio,16:9) + False">DialogContextMenu_coords3_21:9_masked</include>
		<include condition="String.IsEqual(Skin.AspectRatio,4:3)">DialogContextMenu_coords3_4:3</include>
	</include>
	<include name="DialogContextMenu_coords3_16:9">
		<centerleft>50%</centerleft>
		<width>410</width>
		<height>1040</height>
	</include>
	<include name="DialogContextMenu_coords3_21:9">
		<centerleft>50%</centerleft>
		<width>410</width>
		<height>1040</height>
	</include>
	<include name="DialogContextMenu_coords3_21:9_masked">
		<centerleft>50%</centerleft>
		<width>410</width>
		<height>1040</height>
	</include>
	<include name="DialogContextMenu_coords3_4:3">
		<centerleft>50%</centerleft>
		<width>410</width>
		<height>1040</height>
	</include>
	
	<include name="DialogContextMenu_coords4">
		<include condition="String.IsEqual(Skin.AspectRatio,16:9) + True">DialogContextMenu_coords4_16:9</include>
		<include condition="String.IsEqual(Skin.AspectRatio,21:9)">DialogContextMenu_coords4_21:9</include>
		<include condition="String.IsEqual(Skin.AspectRatio,16:9) + False">DialogContextMenu_coords4_21:9_masked</include>
		<include condition="String.IsEqual(Skin.AspectRatio,4:3)">DialogContextMenu_coords4_4:3</include>
	</include>
	<include name="DialogContextMenu_coords4_16:9">
		<width>410</width>
		<height>52</height>
	</include>
	<include name="DialogContextMenu_coords4_21:9">
		<width>410</width>
		<height>52</height>
	</include>
	<include name="DialogContextMenu_coords4_21:9_masked">
		<width>410</width>
		<height>52</height>
	</include>
	<include name="DialogContextMenu_coords4_4:3">
		<width>410</width>
		<height>52</height>
	</include>

</includes>