<?xml version="1.0" encoding="UTF-8"?>
<includes>

	<include name="DialogTextViewer_coords1">
		<include condition="String.IsEqual(Skin.AspectRatio,16:9) + True">DialogTextViewer_coords1_16:9</include>
		<include condition="String.IsEqual(Skin.AspectRatio,21:9)">DialogTextViewer_coords1_21:9</include>
		<include condition="String.IsEqual(Skin.AspectRatio,16:9) + False">DialogTextViewer_coords1_21:9_masked</include>
		<include condition="String.IsEqual(Skin.AspectRatio,4:3)">DialogTextViewer_coords1_4:3</include>
	</include>
	<include name="DialogTextViewer_coords1_16:9">
		<left>150</left>
		<top>235</top>
		<width>1620</width>
		<height>700</height>
	</include>
	<include name="DialogTextViewer_coords1_21:9">
		<left>150</left>
		<top>235</top>
		<width>2260</width>
		<height>700</height>
	</include>
	<include name="DialogTextViewer_coords1_21:9_masked">
		<left>150</left>
		<top>415</top>
		<width>2260</width>
		<height>700</height>
	</include>
	<include name="DialogTextViewer_coords1_4:3">
		<left>150</left>
		<top>235</top>
		<width>1140</width>
		<height>700</height>
	</include>
	
	<include name="DialogTextViewer_coords2">
		<include condition="String.IsEqual(Skin.AspectRatio,16:9) + True">DialogTextViewer_coords2_16:9</include>
		<include condition="String.IsEqual(Skin.AspectRatio,21:9)">DialogTextViewer_coords2_21:9</include>
		<include condition="String.IsEqual(Skin.AspectRatio,16:9) + False">DialogTextViewer_coords2_21:9_masked</include>
		<include condition="String.IsEqual(Skin.AspectRatio,4:3)">DialogTextViewer_coords2_4:3</include>
	</include>
	<include name="DialogTextViewer_coords2_16:9">
		<left>100</left>
		<top>255</top>
		<width>20</width>
		<height>660</height>
	</include>
	<include name="DialogTextViewer_coords2_21:9">
		<left>100</left>
		<top>255</top>
		<width>20</width>
		<height>660</height>
	</include>
	<include name="DialogTextViewer_coords2_21:9_masked">
		<left>100</left>
		<top>435</top>
		<width>20</width>
		<height>660</height>
	</include>
	<include name="DialogTextViewer_coords2_4:3">
		<left>100</left>
		<top>255</top>
		<width>20</width>
		<height>660</height>
	</include>

</includes>