<?xml version="1.0" encoding="UTF-8"?>
<includes>

	<include name="DialogPVRGuideSearch_coords1">
		<include condition="String.IsEqual(Skin.AspectRatio,16:9) + True">DialogPVRGuideSearch_coords1_16:9</include>
		<include condition="String.IsEqual(Skin.AspectRatio,21:9)">DialogPVRGuideSearch_coords1_21:9</include>
		<include condition="String.IsEqual(Skin.AspectRatio,16:9) + False">DialogPVRGuideSearch_coords1_21:9_masked</include>
		<include condition="String.IsEqual(Skin.AspectRatio,4:3)">DialogPVRGuideSearch_coords1_4:3</include>
	</include>
	<include name="DialogPVRGuideSearch_coords1_16:9">
		<left>150</left>
		<top>220</top>
		<width>1620</width>
		<height>66</height>
		<textoffsetx>20</textoffsetx>
		<textwidth>1580</textwidth>
	</include>
	<include name="DialogPVRGuideSearch_coords1_21:9">
		<left>150</left>
		<top>220</top>
		<width>2260</width>
		<height>66</height>
		<textoffsetx>20</textoffsetx>
		<textwidth>2220</textwidth>
	</include>
	<include name="DialogPVRGuideSearch_coords1_21:9_masked">
		<left>150</left>
		<top>400</top>
		<width>2260</width>
		<height>66</height>
		<textoffsetx>20</textoffsetx>
		<textwidth>2220</textwidth>
	</include>
	<include name="DialogPVRGuideSearch_coords1_4:3">
		<left>150</left>
		<top>220</top>
		<width>1140</width>
		<height>66</height>
		<textoffsetx>20</textoffsetx>
		<textwidth>1100</textwidth>
	</include>
	
	<include name="DialogPVRGuideSearch_coords2">
		<include condition="String.IsEqual(Skin.AspectRatio,16:9) + True">DialogPVRGuideSearch_coords2_16:9</include>
		<include condition="String.IsEqual(Skin.AspectRatio,21:9)">DialogPVRGuideSearch_coords2_21:9</include>
		<include condition="String.IsEqual(Skin.AspectRatio,16:9) + False">DialogPVRGuideSearch_coords2_21:9_masked</include>
		<include condition="String.IsEqual(Skin.AspectRatio,4:3)">DialogPVRGuideSearch_coords2_4:3</include>
	</include>
	<include name="DialogPVRGuideSearch_coords2_16:9">
		<left>150</left>
		<top>290</top>
		<width>1620</width>
	</include>
	<include name="DialogPVRGuideSearch_coords2_21:9">
		<left>150</left>
		<top>290</top>
		<width>2260</width>
	</include>
	<include name="DialogPVRGuideSearch_coords2_21:9_masked">
		<left>150</left>
		<top>470</top>
		<width>2260</width>
	</include>
	<include name="DialogPVRGuideSearch_coords2_4:3">
		<left>150</left>
		<top>290</top>
		<width>1140</width>
	</include>
	
	<include name="DialogPVRGuideSearch_coords3">
		<include condition="String.IsEqual(Skin.AspectRatio,16:9) + True">DialogPVRGuideSearch_coords3_16:9</include>
		<include condition="String.IsEqual(Skin.AspectRatio,21:9)">DialogPVRGuideSearch_coords3_21:9</include>
		<include condition="String.IsEqual(Skin.AspectRatio,16:9) + False">DialogPVRGuideSearch_coords3_21:9_masked</include>
		<include condition="String.IsEqual(Skin.AspectRatio,4:3)">DialogPVRGuideSearch_coords3_4:3</include>
	</include>
	<include name="DialogPVRGuideSearch_coords3_16:9">
		<left>150</left>
		<top>350</top>
		<width>800</width>
		<height>528</height>
	</include>
	<include name="DialogPVRGuideSearch_coords3_21:9">
		<left>150</left>
		<top>350</top>
		<width>1120</width>
		<height>528</height>
	</include>
	<include name="DialogPVRGuideSearch_coords3_21:9_masked">
		<left>150</left>
		<top>530</top>
		<width>1120</width>
		<height>528</height>
	</include>
	<include name="DialogPVRGuideSearch_coords3_4:3">
		<left>150</left>
		<top>350</top>
		<width>560</width>
		<height>528</height>
	</include>
	
	<include name="DialogPVRGuideSearch_coords4">
		<include condition="String.IsEqual(Skin.AspectRatio,16:9) + True">DialogPVRGuideSearch_coords4_16:9</include>
		<include condition="String.IsEqual(Skin.AspectRatio,21:9)">DialogPVRGuideSearch_coords4_21:9</include>
		<include condition="String.IsEqual(Skin.AspectRatio,16:9) + False">DialogPVRGuideSearch_coords4_21:9_masked</include>
		<include condition="String.IsEqual(Skin.AspectRatio,4:3)">DialogPVRGuideSearch_coords4_4:3</include>
	</include>
	<include name="DialogPVRGuideSearch_coords4_16:9">
		<width>800</width>
	</include>
	<include name="DialogPVRGuideSearch_coords4_21:9">
		<width>1120</width>
	</include>
	<include name="DialogPVRGuideSearch_coords4_21:9_masked">
		<width>1120</width>
	</include>
	<include name="DialogPVRGuideSearch_coords4_4:3">
		<width>560</width>
	</include>
	
	<include name="DialogPVRGuideSearch_coords5">
		<include condition="String.IsEqual(Skin.AspectRatio,16:9) + True">DialogPVRGuideSearch_coords5_16:9</include>
		<include condition="String.IsEqual(Skin.AspectRatio,21:9)">DialogPVRGuideSearch_coords5_21:9</include>
		<include condition="String.IsEqual(Skin.AspectRatio,16:9) + False">DialogPVRGuideSearch_coords5_21:9_masked</include>
		<include condition="String.IsEqual(Skin.AspectRatio,4:3)">DialogPVRGuideSearch_coords5_4:3</include>
	</include>
	<include name="DialogPVRGuideSearch_coords5_16:9">
		<left>970</left>
		<top>350</top>
		<width>800</width>
		<height>528</height>
	</include>
	<include name="DialogPVRGuideSearch_coords5_21:9">
		<left>1290</left>
		<top>350</top>
		<width>1120</width>
		<height>528</height>
	</include>
	<include name="DialogPVRGuideSearch_coords5_21:9_masked">
		<left>1290</left>
		<top>530</top>
		<width>1120</width>
		<height>528</height>
	</include>
	<include name="DialogPVRGuideSearch_coords5_4:3">
		<left>730</left>
		<top>350</top>
		<width>560</width>
		<height>528</height>
	</include>
	
	<include name="DialogPVRGuideSearch_coords6">
		<include condition="String.IsEqual(Skin.AspectRatio,16:9) + True">DialogPVRGuideSearch_coords6_16:9</include>
		<include condition="String.IsEqual(Skin.AspectRatio,21:9)">DialogPVRGuideSearch_coords6_21:9</include>
		<include condition="String.IsEqual(Skin.AspectRatio,16:9) + False">DialogPVRGuideSearch_coords6_21:9_masked</include>
		<include condition="String.IsEqual(Skin.AspectRatio,4:3)">DialogPVRGuideSearch_coords6_4:3</include>
	</include>
	<include name="DialogPVRGuideSearch_coords6_16:9">
		<width>800</width>
	</include>
	<include name="DialogPVRGuideSearch_coords6_21:9">
		<width>1120</width>
	</include>
	<include name="DialogPVRGuideSearch_coords6_21:9_masked">
		<width>1120</width>
	</include>
	<include name="DialogPVRGuideSearch_coords6_4:3">
		<width>560</width>
	</include>

</includes>