<?xml version="1.0" encoding="UTF-8"?>
<includes>
	
	<include name="Viewtype511_coords1">
		<include condition="String.IsEqual(Skin.AspectRatio,16:9) + True">Viewtype511_coords1_16:9</include>
		<include condition="String.IsEqual(Skin.AspectRatio,21:9)">Viewtype511_coords1_21:9</include>
		<include condition="String.IsEqual(Skin.AspectRatio,16:9) + False">Viewtype511_coords1_21:9_masked</include>
		<include condition="String.IsEqual(Skin.AspectRatio,4:3)">Viewtype511_coords1_4:3</include>
	</include>
	<include name="Viewtype511_coords1_16:9">
		<left>214</left>
		<top>225</top>
		<width>263</width>
		<height>394</height>
	</include>
	<include name="Viewtype511_coords1_21:9">
		<left>214</left>
		<top>225</top>
		<width>263</width>
		<height>394</height>
	</include>
	<include name="Viewtype511_coords1_21:9_masked">
		<left>214</left>
		<top>405</top>
		<width>263</width>
		<height>394</height>
	</include>
	<include name="Viewtype511_coords1_4:3">
		<left>214</left>
		<top>225</top>
		<width>263</width>
		<height>394</height>
	</include>
	
	<include name="Viewtype511_coords2">
		<include condition="String.IsEqual(Skin.AspectRatio,16:9) + True">Viewtype511_coords2_16:9</include>
		<include condition="String.IsEqual(Skin.AspectRatio,21:9)">Viewtype511_coords2_21:9</include>
		<include condition="String.IsEqual(Skin.AspectRatio,16:9) + False">Viewtype511_coords2_21:9_masked</include>
		<include condition="String.IsEqual(Skin.AspectRatio,4:3)">Viewtype511_coords2_4:3</include>
	</include>
	<include name="Viewtype511_coords2_16:9">
		<left>0</left>
		<bottom>0</bottom>
		<width>57</width>
		<height>57</height>
	</include>
	<include name="Viewtype511_coords2_21:9">
		<left>0</left>
		<bottom>0</bottom>
		<width>57</width>
		<height>57</height>
	</include>
	<include name="Viewtype511_coords2_21:9_masked">
		<left>0</left>
		<bottom>0</bottom>
		<width>57</width>
		<height>57</height>
	</include>
	<include name="Viewtype511_coords2_4:3">
		<left>0</left>
		<bottom>0</bottom>
		<width>57</width>
		<height>57</height>
	</include>
	
	<include name="Viewtype511_coords3">
		<include condition="String.IsEqual(Skin.AspectRatio,16:9) + True">Viewtype511_coords3_16:9</include>
		<include condition="String.IsEqual(Skin.AspectRatio,21:9)">Viewtype511_coords3_21:9</include>
		<include condition="String.IsEqual(Skin.AspectRatio,16:9) + False">Viewtype511_coords3_21:9_masked</include>
		<include condition="String.IsEqual(Skin.AspectRatio,4:3)">Viewtype511_coords3_4:3</include>
	</include>
	<include name="Viewtype511_coords3_16:9">
		<left>120</left>
		<top>664</top>
		<width>450</width>
		<height>190</height>
	</include>
	<include name="Viewtype511_coords3_21:9">
		<left>120</left>
		<top>664</top>
		<width>450</width>
		<height>190</height>
	</include>
	<include name="Viewtype511_coords3_21:9_masked">
		<left>120</left>
		<top>844</top>
		<width>450</width>
		<height>190</height>
	</include>
	<include name="Viewtype511_coords3_4:3">
		<left>120</left>
		<top>664</top>
		<width>450</width>
		<height>190</height>
	</include>
	
	<include name="Viewtype511_coords4">
		<include condition="String.IsEqual(Skin.AspectRatio,16:9) + True">Viewtype511_coords4_16:9</include>
		<include condition="String.IsEqual(Skin.AspectRatio,21:9)">Viewtype511_coords4_21:9</include>
		<include condition="String.IsEqual(Skin.AspectRatio,16:9) + False">Viewtype511_coords4_21:9_masked</include>
		<include condition="String.IsEqual(Skin.AspectRatio,4:3)">Viewtype511_coords4_4:3</include>
	</include>
	<include name="Viewtype511_coords4_16:9">
		<left>120</left>
		<top>190</top>
	</include>
	<include name="Viewtype511_coords4_21:9">
		<left>120</left>
		<top>190</top>
	</include>
	<include name="Viewtype511_coords4_21:9_masked">
		<left>120</left>
		<top>370</top>
	</include>
	<include name="Viewtype511_coords4_4:3">
		<left>120</left>
		<top>190</top>
	</include>
	
	<include name="Viewtype511_coords5">
		<include condition="String.IsEqual(Skin.AspectRatio,16:9) + True">Viewtype511_coords5_16:9</include>
		<include condition="String.IsEqual(Skin.AspectRatio,21:9)">Viewtype511_coords5_21:9</include>
		<include condition="String.IsEqual(Skin.AspectRatio,16:9) + False">Viewtype511_coords5_21:9_masked</include>
		<include condition="String.IsEqual(Skin.AspectRatio,4:3)">Viewtype511_coords5_4:3</include>
	</include>
	<include name="Viewtype511_coords5_16:9">
		<left>0</left>
		<top>314</top>
		<width>450</width>
		<height>45</height>
	</include>
	<include name="Viewtype511_coords5_21:9">
		<left>0</left>
		<top>314</top>
		<width>450</width>
		<height>45</height>
	</include>
	<include name="Viewtype511_coords5_21:9_masked">
		<left>0</left>
		<top>314</top>
		<width>450</width>
		<height>45</height>
	</include>
	<include name="Viewtype511_coords5_4:3">
		<left>0</left>
		<top>314</top>
		<width>450</width>
		<height>45</height>
	</include>
	
	<include name="Viewtype511_coords6">
		<include condition="String.IsEqual(Skin.AspectRatio,16:9) + True">Viewtype511_coords6_16:9</include>
		<include condition="String.IsEqual(Skin.AspectRatio,21:9)">Viewtype511_coords6_21:9</include>
		<include condition="String.IsEqual(Skin.AspectRatio,16:9) + False">Viewtype511_coords6_21:9_masked</include>
		<include condition="String.IsEqual(Skin.AspectRatio,4:3)">Viewtype511_coords6_4:3</include>
	</include>
	<include name="Viewtype511_coords6_16:9">
		<left>0</left>
		<top>366</top>
		<width>450</width>
		<height>45</height>
	</include>
	<include name="Viewtype511_coords6_21:9">
		<left>0</left>
		<top>366</top>
		<width>450</width>
		<height>45</height>
	</include>
	<include name="Viewtype511_coords6_21:9_masked">
		<left>0</left>
		<top>366</top>
		<width>450</width>
		<height>45</height>
	</include>
	<include name="Viewtype511_coords6_4:3">
		<left>0</left>
		<top>366</top>
		<width>450</width>
		<height>45</height>
	</include>
	
	<include name="Viewtype511_coords7">
		<include condition="String.IsEqual(Skin.AspectRatio,16:9) + True">Viewtype511_coords7_16:9</include>
		<include condition="String.IsEqual(Skin.AspectRatio,21:9)">Viewtype511_coords7_21:9</include>
		<include condition="String.IsEqual(Skin.AspectRatio,16:9) + False">Viewtype511_coords7_21:9_masked</include>
		<include condition="String.IsEqual(Skin.AspectRatio,4:3)">Viewtype511_coords7_4:3</include>
	</include>
	<include name="Viewtype511_coords7_16:9">
		<left>0</left>
		<top>420</top>
		<width>450</width>
		<height>45</height>
	</include>
	<include name="Viewtype511_coords7_21:9">
		<left>0</left>
		<top>420</top>
		<width>450</width>
		<height>45</height>
	</include>
	<include name="Viewtype511_coords7_21:9_masked">
		<left>0</left>
		<top>420</top>
		<width>450</width>
		<height>45</height>
	</include>
	<include name="Viewtype511_coords7_4:3">
		<left>0</left>
		<top>420</top>
		<width>450</width>
		<height>45</height>
	</include>
	
	<include name="Viewtype511_coords8">
		<include condition="String.IsEqual(Skin.AspectRatio,16:9) + True">Viewtype511_coords8_16:9</include>
		<include condition="String.IsEqual(Skin.AspectRatio,21:9)">Viewtype511_coords8_21:9</include>
		<include condition="String.IsEqual(Skin.AspectRatio,16:9) + False">Viewtype511_coords8_21:9_masked</include>
		<include condition="String.IsEqual(Skin.AspectRatio,4:3)">Viewtype511_coords8_4:3</include>
	</include>
	<include name="Viewtype511_coords8_16:9">
		<left>0</left>
		<top>474</top>
		<width>450</width>
		<height>190</height>
	</include>
	<include name="Viewtype511_coords8_21:9">
		<left>0</left>
		<top>474</top>
		<width>450</width>
		<height>190</height>
	</include>
	<include name="Viewtype511_coords8_21:9_masked">
		<left>0</left>
		<top>474</top>
		<width>450</width>
		<height>190</height>
	</include>
	<include name="Viewtype511_coords8_4:3">
		<left>0</left>
		<top>474</top>
		<width>450</width>
		<height>190</height>
	</include>
	
	<include name="Viewtype511_coords9">
		<include condition="String.IsEqual(Skin.AspectRatio,16:9) + True">Viewtype511_coords9_16:9</include>
		<include condition="String.IsEqual(Skin.AspectRatio,21:9)">Viewtype511_coords9_21:9</include>
		<include condition="String.IsEqual(Skin.AspectRatio,16:9) + False">Viewtype511_coords9_21:9_masked</include>
		<include condition="String.IsEqual(Skin.AspectRatio,4:3)">Viewtype511_coords9_4:3</include>
	</include>
	<include name="Viewtype511_coords9_16:9">
		<left>750</left>
		<centertop>50%</centertop>
		<width>1050</width>
		<height>720</height>
	</include>
	<include name="Viewtype511_coords9_21:9">
		<left>750</left>
		<centertop>50%</centertop>
		<width>1690</width>
		<height>720</height>
	</include>
	<include name="Viewtype511_coords9_21:9_masked">
		<left>750</left>
		<centertop>50%</centertop>
		<width>1690</width>
		<height>720</height>
	</include>
	<include name="Viewtype511_coords9_4:3">
		<left>750</left>
		<centertop>50%</centertop>
		<width>570</width>
		<height>720</height>
	</include>
	
	<include name="Viewtype511_coords10">
		<include condition="String.IsEqual(Skin.AspectRatio,16:9) + True">Viewtype511_coords10_16:9</include>
		<include condition="String.IsEqual(Skin.AspectRatio,21:9)">Viewtype511_coords10_21:9</include>
		<include condition="String.IsEqual(Skin.AspectRatio,16:9) + False">Viewtype511_coords10_21:9_masked</include>
		<include condition="String.IsEqual(Skin.AspectRatio,4:3)">Viewtype511_coords10_4:3</include>
	</include>
	<include name="Viewtype511_coords10_16:9">
		<itemlayout height="72" width="1050">
			<control type="label">
				<left>32</left>
				<top>0</top>
				<width>1018</width>
				<height>72</height>
				<font>Font36-light</font>
				<label>$VAR[Label1]</label>
				<textcolor>$VAR[TextColor2]</textcolor>
			</control>
			<!-- Collection -->
			<control type="image">
				<left>0</left>
				<top>25</top>
				<width>22</width>
				<height>22</height>
				<texture>views/OverlayCollection.png</texture>
				<aspectratio align="center" aligny="center">keep</aspectratio>
				<colordiffuse>$VAR[TextColor2]</colordiffuse>
				<include>NonFocusImageFadeAnimation</include>
				<visible>ListItem.IsCollection</visible>
			</control>
			<!-- Watched status -->
			<control type="image">
				<left>0</left>
				<top>25</top>
				<width>22</width>
				<height>22</height>
				<texture>$VAR[StatusOverlay]</texture>
				<aspectratio align="center" aligny="center">keep</aspectratio>
				<colordiffuse>$VAR[TextColor2]</colordiffuse>
				<include>NonFocusImageFadeAnimation</include>
				<visible>!ListItem.IsCollection</visible>
			</control>
		</itemlayout>
	</include>
	<include name="Viewtype511_coords10_21:9">
		<itemlayout height="72" width="1690">
			<control type="label">
				<left>32</left>
				<top>0</top>
				<width>1658</width>
				<height>72</height>
				<font>Font36-light</font>
				<label>$VAR[Label1]</label>
				<textcolor>$VAR[TextColor2]</textcolor>
			</control>
			<!-- Collection -->
			<control type="image">
				<left>0</left>
				<top>25</top>
				<width>22</width>
				<height>22</height>
				<texture>views/OverlayCollection.png</texture>
				<aspectratio align="center" aligny="center">keep</aspectratio>
				<colordiffuse>$VAR[TextColor2]</colordiffuse>
				<include>NonFocusImageFadeAnimation</include>
				<visible>ListItem.IsCollection</visible>
			</control>
			<!-- Watched status -->
			<control type="image">
				<left>0</left>
				<top>25</top>
				<width>22</width>
				<height>22</height>
				<texture>$VAR[StatusOverlay]</texture>
				<aspectratio align="center" aligny="center">keep</aspectratio>
				<colordiffuse>$VAR[TextColor2]</colordiffuse>
				<include>NonFocusImageFadeAnimation</include>
				<visible>!ListItem.IsCollection</visible>
			</control>
		</itemlayout>
	</include>
	<include name="Viewtype511_coords10_21:9_masked">
		<itemlayout height="72" width="1690">
			<control type="label">
				<left>32</left>
				<top>0</top>
				<width>1658</width>
				<height>72</height>
				<font>Font36-light</font>
				<label>$VAR[Label1]</label>
				<textcolor>$VAR[TextColor2]</textcolor>
			</control>
			<!-- Collection -->
			<control type="image">
				<left>0</left>
				<top>25</top>
				<width>22</width>
				<height>22</height>
				<texture>views/OverlayCollection.png</texture>
				<aspectratio align="center" aligny="center">keep</aspectratio>
				<colordiffuse>$VAR[TextColor2]</colordiffuse>
				<include>NonFocusImageFadeAnimation</include>
				<visible>ListItem.IsCollection</visible>
			</control>
			<!-- Watched status -->
			<control type="image">
				<left>0</left>
				<top>25</top>
				<width>22</width>
				<height>22</height>
				<texture>$VAR[StatusOverlay]</texture>
				<aspectratio align="center" aligny="center">keep</aspectratio>
				<colordiffuse>$VAR[TextColor2]</colordiffuse>
				<include>NonFocusImageFadeAnimation</include>
				<visible>!ListItem.IsCollection</visible>
			</control>
		</itemlayout>
	</include>
	<include name="Viewtype511_coords10_4:3">
		<itemlayout height="72" width="570">
			<control type="label">
				<left>32</left>
				<top>0</top>
				<width>538</width>
				<height>72</height>
				<font>Font36-light</font>
				<label>$VAR[Label1]</label>
				<textcolor>$VAR[TextColor2]</textcolor>
			</control>
			<!-- Collection -->
			<control type="image">
				<left>0</left>
				<top>25</top>
				<width>22</width>
				<height>22</height>
				<texture>views/OverlayCollection.png</texture>
				<aspectratio align="center" aligny="center">keep</aspectratio>
				<colordiffuse>$VAR[TextColor2]</colordiffuse>
				<include>NonFocusImageFadeAnimation</include>
				<visible>ListItem.IsCollection</visible>
			</control>
			<!-- Watched status -->
			<control type="image">
				<left>0</left>
				<top>25</top>
				<width>22</width>
				<height>22</height>
				<texture>$VAR[StatusOverlay]</texture>
				<aspectratio align="center" aligny="center">keep</aspectratio>
				<colordiffuse>$VAR[TextColor2]</colordiffuse>
				<include>NonFocusImageFadeAnimation</include>
				<visible>!ListItem.IsCollection</visible>
			</control>
		</itemlayout>
	</include>
	
	<include name="Viewtype511_coords11">
		<include condition="String.IsEqual(Skin.AspectRatio,16:9) + True">Viewtype511_coords11_16:9</include>
		<include condition="String.IsEqual(Skin.AspectRatio,21:9)">Viewtype511_coords11_21:9</include>
		<include condition="String.IsEqual(Skin.AspectRatio,16:9) + False">Viewtype511_coords11_21:9_masked</include>
		<include condition="String.IsEqual(Skin.AspectRatio,4:3)">Viewtype511_coords11_4:3</include>
	</include>
	<include name="Viewtype511_coords11_16:9">
		<focusedlayout height="144" width="1050">
			<control type="group">
				<include content="NonFocusFadeAnimation">
					<param name="id">511</param>
				</include>
				<control type="label">
					<left>32</left>
					<top>25</top>
					<width>1018</width>
					<height>48</height>
					<font>Font48-bold</font>
					<label>$VAR[Label1]</label>
					<textcolor>$VAR[TextColor1]</textcolor>
					<scroll>True</scroll>
				</control>
				<control type="image">
					<left>32</left>
					<top>25</top>
					<width>1018</width>
					<height>58</height>
					<texture colordiffuse="$VAR[TextColor1]">$VAR[focus58]</texture>
					<visible>!ListItem.IsParentFolder</visible>
				</control>
				<control type="label">
					<left>32</left>
					<top>82</top>
					<width>1018</width>
					<height>27</height>
					<font>Font27</font>
					<label>$VAR[Label2]</label>
					<textcolor>$VAR[TextColor1]</textcolor>
					<scroll>True</scroll>
				</control>
				<!-- Collection -->
				<control type="image">
					<left>0</left>
					<top>41</top>
					<width>22</width>
					<height>22</height>
					<texture>views/OverlayCollection.png</texture>
					<aspectratio align="center" aligny="center">keep</aspectratio>
					<colordiffuse>$VAR[TextColor1]</colordiffuse>
					<visible>ListItem.IsCollection</visible>
				</control>
				<!-- Watched status -->
				<control type="image">
					<left>0</left>
					<top>41</top>
					<width>22</width>
					<height>22</height>
					<texture>$VAR[StatusOverlay]</texture>
					<aspectratio align="center" aligny="center">keep</aspectratio>
					<colordiffuse>$VAR[TextColor1]</colordiffuse>
					<visible>!ListItem.IsCollection</visible>
				</control>
			</control>
		</focusedlayout>
	</include>
	<include name="Viewtype511_coords11_21:9">
		<focusedlayout height="144" width="1690">
			<control type="group">
				<include content="NonFocusFadeAnimation">
					<param name="id">511</param>
				</include>
				<control type="label">
					<left>32</left>
					<top>25</top>
					<width>1658</width>
					<height>48</height>
					<font>Font48-bold</font>
					<label>$VAR[Label1]</label>
					<textcolor>$VAR[TextColor1]</textcolor>
					<scroll>True</scroll>
				</control>
				<control type="image">
					<left>32</left>
					<top>25</top>
					<width>1658</width>
					<height>58</height>
					<texture colordiffuse="$VAR[TextColor1]">$VAR[focus58]</texture>
					<visible>!ListItem.IsParentFolder</visible>
				</control>
				<control type="label">
					<left>32</left>
					<top>82</top>
					<width>1658</width>
					<height>27</height>
					<font>Font27</font>
					<label>$VAR[Label2]</label>
					<textcolor>$VAR[TextColor1]</textcolor>
					<scroll>True</scroll>
				</control>
				<!-- Collection -->
				<control type="image">
					<left>0</left>
					<top>41</top>
					<width>22</width>
					<height>22</height>
					<texture>views/OverlayCollection.png</texture>
					<aspectratio align="center" aligny="center">keep</aspectratio>
					<colordiffuse>$VAR[TextColor1]</colordiffuse>
					<visible>ListItem.IsCollection</visible>
				</control>
				<!-- Watched status -->
				<control type="image">
					<left>0</left>
					<top>41</top>
					<width>22</width>
					<height>22</height>
					<texture>$VAR[StatusOverlay]</texture>
					<aspectratio align="center" aligny="center">keep</aspectratio>
					<colordiffuse>$VAR[TextColor1]</colordiffuse>
					<visible>!ListItem.IsCollection</visible>
				</control>
			</control>
		</focusedlayout>
	</include>
	<include name="Viewtype511_coords11_21:9_masked">
		<focusedlayout height="144" width="1690">
			<control type="group">
				<include content="NonFocusFadeAnimation">
					<param name="id">511</param>
				</include>
				<control type="label">
					<left>32</left>
					<top>25</top>
					<width>1658</width>
					<height>48</height>
					<font>Font48-bold</font>
					<label>$VAR[Label1]</label>
					<textcolor>$VAR[TextColor1]</textcolor>
					<scroll>True</scroll>
				</control>
				<control type="image">
					<left>32</left>
					<top>25</top>
					<width>1658</width>
					<height>58</height>
					<texture colordiffuse="$VAR[TextColor1]">$VAR[focus58]</texture>
					<visible>!ListItem.IsParentFolder</visible>
				</control>
				<control type="label">
					<left>32</left>
					<top>82</top>
					<width>1658</width>
					<height>27</height>
					<font>Font27</font>
					<label>$VAR[Label2]</label>
					<textcolor>$VAR[TextColor1]</textcolor>
					<scroll>True</scroll>
				</control>
				<!-- Collection -->
				<control type="image">
					<left>0</left>
					<top>41</top>
					<width>22</width>
					<height>22</height>
					<texture>views/OverlayCollection.png</texture>
					<aspectratio align="center" aligny="center">keep</aspectratio>
					<colordiffuse>$VAR[TextColor1]</colordiffuse>
					<visible>ListItem.IsCollection</visible>
				</control>
				<!-- Watched status -->
				<control type="image">
					<left>0</left>
					<top>41</top>
					<width>22</width>
					<height>22</height>
					<texture>$VAR[StatusOverlay]</texture>
					<aspectratio align="center" aligny="center">keep</aspectratio>
					<colordiffuse>$VAR[TextColor1]</colordiffuse>
					<visible>!ListItem.IsCollection</visible>
				</control>
			</control>
		</focusedlayout>
	</include>
	<include name="Viewtype511_coords11_4:3">
		<focusedlayout height="144" width="570">
			<control type="group">
				<include content="NonFocusFadeAnimation">
					<param name="id">511</param>
				</include>
				<control type="label">
					<left>32</left>
					<top>25</top>
					<width>538</width>
					<height>48</height>
					<font>Font48-bold</font>
					<label>$VAR[Label1]</label>
					<textcolor>$VAR[TextColor1]</textcolor>
					<scroll>True</scroll>
				</control>
				<control type="image">
					<left>32</left>
					<top>25</top>
					<width>538</width>
					<height>58</height>
					<texture colordiffuse="$VAR[TextColor1]">$VAR[focus58]</texture>
					<visible>!ListItem.IsParentFolder</visible>
				</control>
				<control type="label">
					<left>32</left>
					<top>82</top>
					<width>538</width>
					<height>27</height>
					<font>Font27</font>
					<label>$VAR[Label2]</label>
					<textcolor>$VAR[TextColor1]</textcolor>
					<scroll>True</scroll>
				</control>
				<!-- Collection -->
				<control type="image">
					<left>0</left>
					<top>41</top>
					<width>22</width>
					<height>22</height>
					<texture>views/OverlayCollection.png</texture>
					<aspectratio align="center" aligny="center">keep</aspectratio>
					<colordiffuse>$VAR[TextColor1]</colordiffuse>
					<visible>ListItem.IsCollection</visible>
				</control>
				<!-- Watched status -->
				<control type="image">
					<left>0</left>
					<top>41</top>
					<width>22</width>
					<height>22</height>
					<texture>$VAR[StatusOverlay]</texture>
					<aspectratio align="center" aligny="center">keep</aspectratio>
					<colordiffuse>$VAR[TextColor1]</colordiffuse>
					<visible>!ListItem.IsCollection</visible>
				</control>
			</control>
		</focusedlayout>
	</include>
	
	<include name="Viewtype511_coords12">
		<include condition="String.IsEqual(Skin.AspectRatio,16:9) + True">Viewtype511_coords12_16:9</include>
		<include condition="String.IsEqual(Skin.AspectRatio,21:9)">Viewtype511_coords12_21:9</include>
		<include condition="String.IsEqual(Skin.AspectRatio,16:9) + False">Viewtype511_coords12_21:9_masked</include>
		<include condition="String.IsEqual(Skin.AspectRatio,4:3)">Viewtype511_coords12_4:3</include>
	</include>
	<include name="Viewtype511_coords12_16:9">
		<left>149</left>
		<top>225</top>
		<width>394</width>
		<height>394</height>
	</include>
	<include name="Viewtype511_coords12_21:9">
		<left>149</left>
		<top>225</top>
		<width>394</width>
		<height>394</height>
	</include>
	<include name="Viewtype511_coords12_21:9_masked">
		<left>149</left>
		<top>405</top>
		<width>394</width>
		<height>394</height>
	</include>
	<include name="Viewtype511_coords12_4:3">
		<left>149</left>
		<top>225</top>
		<width>394</width>
		<height>394</height>
	</include>
	
	<include name="Viewtype511_coords13">
		<include condition="String.IsEqual(Skin.AspectRatio,16:9) + True">Viewtype511_coords13_16:9</include>
		<include condition="String.IsEqual(Skin.AspectRatio,21:9)">Viewtype511_coords13_21:9</include>
		<include condition="String.IsEqual(Skin.AspectRatio,16:9) + False">Viewtype511_coords13_21:9_masked</include>
		<include condition="String.IsEqual(Skin.AspectRatio,4:3)">Viewtype511_coords13_4:3</include>
	</include>
	<include name="Viewtype511_coords13_16:9">
		<left>120</left>
		<top>190</top>
		<width>452</width>
		<height>286</height>
	</include>
	<include name="Viewtype511_coords13_21:9">
		<left>120</left>
		<top>190</top>
		<width>452</width>
		<height>286</height>
	</include>
	<include name="Viewtype511_coords13_21:9_masked">
		<left>120</left>
		<top>190</top>
		<width>452</width>
		<height>286</height>
	</include>
	<include name="Viewtype511_coords13_4:3">
		<left>120</left>
		<top>190</top>
		<width>452</width>
		<height>286</height>
	</include>

</includes>