<?xml version="1.0" encoding="UTF-8"?>
<window>
	<animation effect="slide" start="550,0" time="200">WindowOpen</animation>
	<animation effect="slide" end="550,0" time="200">WindowClose</animation>
	<zorder>100</zorder>
	<!-- infodialog -->
	<controls>
		<control type="group">
			<include>NotificationDepth</include>
			<animation effect="slide" end="0,50" time="200" condition="String.IsEqual(Window(10000).Property(isCaching),True)">Conditional</animation>
			<animation effect="slide" end="0,50" time="200" condition="Window.IsActive(volumebar)">Conditional</animation>
			<animation effect="slide" end="0,20" time="200" condition="String.IsEqual(Window(10000).Property(isCaching),True) | Window.IsActive(volumebar)">Conditional</animation>
		
			<!-- Background -->
			<control type="image">
				<include>DialogNotification_coords1</include>
				<texture colordiffuse="$VAR[OverlayColor]">dialogs/Background.png</texture>
			</control>

			<!-- Heading -->
			<control type="label" id="401">
				<include>DialogNotification_coords2</include>
				<align>left</align>
				<scroll>True</scroll>
				<font>Font27</font>
			</control>

			<!-- Details -->
			<control type="fadelabel" id="402">
				<include>DialogNotification_coords3</include>
				<align>left</align>
				<aligny>top</aligny>
				<font>Font27-light</font>
			</control>

		</control>

	</controls>

</window>