<?xml version="1.0" encoding="UTF-8"?>
<window>
	<!-- musiclibrary -->
	<backgroundcolor>0</backgroundcolor>
	<defaultcontrol always="true">50</defaultcontrol>
	<onunload condition="Window.Next(musicplaylisteditor)">SetProperty(NumberItems,$INFO[Container(50).NumItems])</onunload>
	<onunload condition="Window.Next(musicplaylisteditor)">SetProperty(ListItem-3,$INFO[Container(50).ListItemNoWrap(-3).Label])</onunload>
	<onunload condition="Window.Next(musicplaylisteditor)">SetProperty(ListItem-2,$INFO[Container(50).ListItemNoWrap(-2).Label])</onunload>
	<onunload condition="Window.Next(musicplaylisteditor)">SetProperty(ListItem-1,$INFO[Container(50).ListItem(-1).Label])</onunload>
	<onunload condition="Window.Next(musicplaylisteditor)">SetProperty(ListItem,$INFO[Container(50).ListItemNoWrap.Label])</onunload>
	<onunload condition="Window.Next(musicplaylisteditor)">SetProperty(ListItem1,$INFO[Container(50).ListItemNoWrap(1).Label])</onunload>
	<onunload condition="Window.Next(musicplaylisteditor)">SetProperty(ListItem2,$INFO[Container(50).ListItemNoWrap(2).Label])</onunload>
	<onunload condition="Window.Next(musicplaylisteditor)">SetProperty(ListItem3,$INFO[Container(50).ListItemNoWrap(3).Label])</onunload>
	<views>50,51,523,535,537</views>

	<!-- Sidemenu menucontrol -->
	<include content="SidemenuMenucontrol">
		<param name="id">3001</param>
	</include>

	<controls>

		<!-- Background -->
		<include>WindowBackgroundImage</include>

		<!-- Main group -->
		<control type="group">
			<animation effect="fade" start="0" end="100" time="200" condition="!Window.Previous(musicplaylisteditor)">WindowOpen</animation>
			<animation effect="fade" start="100" end="0" time="200" condition="!Window.Next(musicplaylisteditor)">WindowClose</animation>

			<!-- Views -->
			<include>Viewtype50</include>
			<include>Viewtype51</include>
			<include>Viewtype523</include>
			<include>Viewtype535</include>
			<include>Viewtype537</include>

			<!-- Scrollbar (list) -->
			<control type="scrollbar" id="60">
				<include>MyMusicNav_coords1</include>
				<onleft condition="!Skin.HasSetting(KioskMode)">3001</onleft>
				<onright>50</onright>
				<showonepage>false</showonepage>
				<orientation>vertical</orientation>
				<colordiffuse>$VAR[OverlayColorNF]</colordiffuse>
				<texturesliderbackground border="9,1,6,1">common/ScrollBackground.png</texturesliderbackground>
				<texturesliderbar border="8,1,6,1">common/ScrollbarGripNF.png</texturesliderbar>
				<texturesliderbarfocus border="8,1,6,1" colordiffuse="$VAR[DialogColor1]">common/ScrollbarGripFO.png</texturesliderbarfocus>
				<textureslidernib></textureslidernib>
				<textureslidernibfocus></textureslidernibfocus>
				<visible>!Skin.HasSetting(Scrollbars) + [Control.IsVisible(50) | Control.IsVisible(51)]</visible>
			</control>
			
			<!-- Scrollbar (wide) -->
			<control type="scrollbar" id="61">
				<include>MyMusicNav_coords2</include>
				<onup>50</onup>
				<ondown condition="!Skin.HasSetting(KioskMode)">3001</ondown>
				<showonepage>false</showonepage>
				<orientation>horizontal</orientation>
				<colordiffuse>$VAR[OverlayColorNF]</colordiffuse>
				<texturesliderbackground border="1,12,1,1">common/ScrollBackgroundHorizontal.png</texturesliderbackground>
				<texturesliderbar border="1,12,1,1">common/ScrollbarGripHorizontalNF.png</texturesliderbar>
				<texturesliderbarfocus border="1,12,1,1" colordiffuse="$VAR[DialogColor1]">common/ScrollbarGripHorizontalFO.png</texturesliderbarfocus>
				<textureslidernib></textureslidernib>
				<textureslidernibfocus></textureslidernibfocus>
				<visible>!Skin.HasSetting(Scrollbars) + Control.IsVisible(523)</visible>
			</control>

			<!-- Scrollbar (wall) -->
			<control type="scrollbar" id="63">
				<include>MyMusicNav_coords3</include>
				<onleft condition="!Skin.HasSetting(KioskMode)">3001</onleft>
				<onright>50</onright>
				<showonepage>false</showonepage>
				<orientation>vertical</orientation>
				<colordiffuse>$VAR[OverlayColorNF]</colordiffuse>
				<texturesliderbackground border="6,1,8,1">common/ScrollBackground.png</texturesliderbackground>
				<texturesliderbar border="8,1,6,1">common/ScrollbarGripNF.png</texturesliderbar>
				<texturesliderbarfocus border="8,1,6,1" colordiffuse="$VAR[DialogColor1]">common/ScrollbarGripFO.png</texturesliderbarfocus>
				<textureslidernib></textureslidernib>
				<textureslidernibfocus></textureslidernibfocus>
				<visible>!Skin.HasSetting(Scrollbars) + [Control.IsVisible(535) | Control.IsVisible(537)]</visible>
			</control>

			<!-- Media flags -->
			<include>MediaFlags</include>

			<!-- Item count -->
			<include>ItemCount</include>
			
			<!-- Submenu indicator -->
			<include>SubmenuIndicator</include>

		</control>

		<!-- Time -->
		<include>Time</include>

		<!-- Options -->
		<control type="group" id="9002">
			<include>NotificationDepth</include>
			<visible>!Skin.HasSetting(KioskMode)</visible>
			<control type="image">
				<include>FullscreenOverlayDimensions</include>
				<texture colordiffuse="$VAR[DarkenColor]">dialogs/DialogTextBackground.png</texture>
				<include>VisibleFadeAnimation</include>
				<visible>ControlGroup(9002).HasFocus</visible>
				<include>BackgroundDepth</include>
			</control>
			<control type="group">
				<left>-460</left>
				<top>0</top>
				<animation effect="slide" start="0,0" end="460,0" time="200" condition="ControlGroup(9002).HasFocus">Conditional</animation>
				<control type="image">
					<include>OptionsSideMenu1</include>
					<texture colordiffuse="$VAR[OverlayColor]">dialogs/Background.png</texture>
				</control>
				<control type="button">
					<include>OptionsSideMenu1</include>
					<texturefocus>noop</texturefocus>
				</control>

				<!-- Look controls -->
				<control type="grouplist" id="3001">
					<include condition="Integer.IsGreater(Container.ViewCount,1)">OptionsSideMenu2</include>
					<include condition="!Integer.IsGreater(Container.ViewCount,1)">OptionsSideMenu3</include>
					<onleft>50</onleft>
					<onright>50</onright>
					<onback>50</onback>
					<scrolltime>200</scrolltime>
					<orientation>vertical</orientation>
					<itemgap>0</itemgap>
					<defaultcontrol always="true">99</defaultcontrol>

					<include content="SideMenuAnimation">
						<param name="containerID">3001</param>
					</include>

					<!-- View -->
					<control type="button" id="99">
						<height>52</height>
						<label>$LOCALIZE[31233]$INFO[Container.ViewMode]</label>
						<onclick>Container.NextViewMode</onclick>
						<visible>Integer.IsGreater(Container.ViewCount,1)</visible>
					</control>


					<control type="image" id="80">
						<left>0</left>
						<top>0</top>
						<width>410</width>
						<height>10</height>
						<texture>transparent.png</texture>
						<visible>Integer.IsGreater(Container.ViewCount,1)</visible>
					</control>


					<!-- Sort by -->
					<control type="button" id="3">
						<height>52</height>
						<label>103</label>
						<visible>Control.IsEnabled(3)</visible>
					</control>
					<!-- Sort ascending/descending -->
					<control type="togglebutton" id="4">
						<height>52</height>
						<label>$LOCALIZE[31234]$LOCALIZE[584]</label>
						<altlabel>$LOCALIZE[31234]$LOCALIZE[585]</altlabel>
						<usealttexture>Container.SortDirection(Descending)</usealttexture>
						<visible>Control.IsEnabled(4)</visible>
					</control>
					<!-- Filter -->
					<control type="edit" id="19">
						<height>52</height>
						<label>587</label>
						<visible>Container.CanFilter + !Container.CanFilterAdvanced</visible>
					</control>
					<!-- Filter -->
					<control type="radiobutton" id="93">
						<height>52</height>
						<label>587</label>
						<onclick>Right</onclick>
						<onclick>Right</onclick>
						<onclick>Filter</onclick>
						<selected>Container.Filtered</selected>
						<visible>Container.CanFilterAdvanced</visible>
					</control>


					<control type="image" id="81">
						<left>0</left>
						<top>0</top>
						<width>410</width>
						<height>10</height>
						<texture colordiffuse="$VAR[OverlayColor]">transparent.png</texture>
					</control>


					<!-- Open playlist -->
					<control type="button" id="91">
						<height>52</height>
						<label>13350</label>
						<onclick condition="!String.IsEqual(Playlist.Length(music),0)">ActivateWindow(musicplaylist)</onclick>
						<visible>!String.IsEqual(Playlist.Length(music),0)</visible>
					</control>
					<!-- Update library -->
					<control type="togglebutton" id="20">
						<height>52</height>
						<label>653</label>
						<altlabel>13353</altlabel>
						<usealttexture>Library.IsScanningMusic</usealttexture>
						<visible>!String.StartsWith(Container.FolderPath,plugin://plugin)</visible>
					</control>
					<!-- Search -->
					<control type="button" id="8">
						<height>52</height>
						<label>137</label>
						<visible>Control.IsEnabled(8)</visible>
					</control>
					<!-- PartyMode -->
					<control type="radiobutton" id="16">
						<height>52</height>
						<label>589</label>
					</control>
					<!-- Library Node Editor -->
					<control type="button" id="95">
						<label>31400</label>
						<height>52</height>
						<onclick condition="String.IsEmpty(System.AddonVersion(plugin.library.node.editor)) + !System.HasAddon(plugin.library.node.editor)">InstallAddon(plugin.library.node.editor)</onclick>
						<onclick condition="!String.IsEmpty(System.AddonVersion(plugin.library.node.editor)) + !System.HasAddon(plugin.library.node.editor)">ActivateWindow(1102)</onclick>
						<onclick condition="System.HasAddon(plugin.library.node.editor)">ActivateWindow(programs,plugin://plugin.library.node.editor/?ltype=music,return)</onclick>
						<visible>Container.Content() + String.IsEmpty(Container.PluginName)</visible>
					</control>
					
					<include>SideMenuControls</include>
					
				</control>
			</control>
		</control>

		<include>MaskingBars</include>

	</controls>

</window>
