<?xml version="1.0" encoding="UTF-8"?>
<window>
	<!-- systeminfo -->
	<backgroundcolor>0</backgroundcolor>
	<defaultcontrol always="true">95</defaultcontrol>

	<controls>

		<!-- Background -->
		<include>WindowBackgroundImage</include>

		<!-- Time -->
		<include>Time</include>

		<!-- Main list -->
		<control type="grouplist" id="50">
			<include>SettingsSystemInfo_coords1</include>
			<itemgap>10</itemgap>
			<onleft>3001</onleft>
			<onright>noop</onright>
			<orientation>vertical</orientation>

			<!-- Summary -->
			<control type="button" id="95">
				<include>SettingsSystemInfo_coords2</include>
				<font>Font33</font>
				<label>20037</label>
				<textcolor>$VAR[TextColor2]</textcolor>
				<focusedcolor>$VAR[TextColor1]</focusedcolor>
				<disabledcolor>$VAR[TextColor4]</disabledcolor>
			</control>
			<!-- Storage -->
			<control type="togglebutton" id="94">
				<include>SettingsSystemInfo_coords2</include>
				<font>Font33</font>
				<label>13277</label>
				<textcolor>$VAR[TextColor2]</textcolor>
				<focusedcolor>$VAR[TextColor1]</focusedcolor>
				<disabledcolor>$VAR[TextColor4]</disabledcolor>
			</control>
			<!-- Network -->
			<control type="button" id="96">
				<include>SettingsSystemInfo_coords2</include>
				<font>Font33</font>
				<label>13279</label>
				<textcolor>$VAR[TextColor2]</textcolor>
				<focusedcolor>$VAR[TextColor1]</focusedcolor>
				<disabledcolor>$VAR[TextColor4]</disabledcolor>
			</control>
			<!-- Video -->
			<control type="button" id="97">
				<include>SettingsSystemInfo_coords2</include>
				<font>Font33</font>
				<label>13280</label>
				<textcolor>$VAR[TextColor2]</textcolor>
				<focusedcolor>$VAR[TextColor1]</focusedcolor>
				<disabledcolor>$VAR[TextColor4]</disabledcolor>
			</control>
			<!-- Hardware -->
			<control type="button" id="98">
				<include>SettingsSystemInfo_coords2</include>
				<font>Font33</font>
				<label>13281</label>
				<textcolor>$VAR[TextColor2]</textcolor>
				<focusedcolor>$VAR[TextColor1]</focusedcolor>
				<disabledcolor>$VAR[TextColor4]</disabledcolor>
			</control>
			<!-- PVR -->
			<control type="button" id="99">
				<include>SettingsSystemInfo_coords2</include>
				<font>Font33</font>
				<label>19191</label>
				<textcolor>$VAR[TextColor2]</textcolor>
				<focusedcolor>$VAR[TextColor1]</focusedcolor>
				<disabledcolor>$VAR[TextColor4]</disabledcolor>
			</control>
			<!-- Privacy -->
			<control type="button" id="100">
				<include>SettingsSystemInfo_coords2</include>
				<font>Font33</font>
				<label>12389</label>
				<textcolor>$VAR[TextColor2]</textcolor>
				<focusedcolor>$VAR[TextColor1]</focusedcolor>
				<disabledcolor>$VAR[TextColor4]</disabledcolor>
			</control>

		</control>

		<control type="textbox" id="30">
			<include>SettingsSystemInfo_coords3</include>
			<font>Font30</font>
			<textcolor>$VAR[TextColor2]</textcolor>
			<autoscroll delay="5000" time="1000" repeat="10000">True</autoscroll>
		</control>

		<!-- Default list -->
		<control type="grouplist" id="500">
			<include>SettingsSystemInfo_coords4</include>
			<itemgap>0</itemgap>
			<onleft>50</onleft>
			<onright>noop</onright>
			<orientation>vertical</orientation>

			<control type="label" id="2">
				<include>SettingsSystemInfo_coords5</include>
				<font>SystemInfo</font>
				<textcolor>$VAR[TextColor2]</textcolor>
				<aligny>top</aligny>
			</control>

			<control type="label" id="3">
				<include>SettingsSystemInfo_coords5</include>
				<font>SystemInfo</font>
				<textcolor>$VAR[TextColor2]</textcolor>
				<aligny>top</aligny>
			</control>

			<control type="label" id="4">
				<include>SettingsSystemInfo_coords5</include>
				<font>SystemInfo</font>
				<textcolor>$VAR[TextColor2]</textcolor>
				<aligny>top</aligny>
			</control>

			<control type="label" id="5">
				<include>SettingsSystemInfo_coords5</include>
				<font>SystemInfo</font>
				<textcolor>$VAR[TextColor2]</textcolor>
				<aligny>top</aligny>
			</control>

			<control type="label" id="6">
				<include>SettingsSystemInfo_coords5</include>
				<font>SystemInfo</font>
				<textcolor>$VAR[TextColor2]</textcolor>
				<aligny>top</aligny>
			</control>

			<control type="label" id="7">
				<include>SettingsSystemInfo_coords5</include>
				<font>SystemInfo</font>
				<textcolor>$VAR[TextColor2]</textcolor>
				<aligny>top</aligny>
			</control>

			<control type="label" id="8">
				<include>SettingsSystemInfo_coords5</include>
				<font>SystemInfo</font>
				<textcolor>$VAR[TextColor2]</textcolor>
				<aligny>top</aligny>
			</control>

			<control type="label" id="9">
				<include>SettingsSystemInfo_coords5</include>
				<font>SystemInfo</font>
				<textcolor>$VAR[TextColor2]</textcolor>
				<aligny>top</aligny>
			</control>

			<control type="label" id="10">
				<include>SettingsSystemInfo_coords5</include>
				<font>SystemInfo</font>
				<textcolor>$VAR[TextColor2]</textcolor>
				<aligny>top</aligny>
			</control>

			<control type="label" id="11">
				<include>SettingsSystemInfo_coords5</include>
				<font>SystemInfo</font>
				<textcolor>$VAR[TextColor2]</textcolor>
				<aligny>top</aligny>
			</control>

			<control type="label" id="12">
				<include>SettingsSystemInfo_coords5</include>
				<font>SystemInfo</font>
				<textcolor>$VAR[TextColor2]</textcolor>
				<aligny>top</aligny>
			</control>

		</control>

		<!-- Kodi info -->
		<control type="textbox">
			<include>SettingsSystemInfo_coords6</include>
			<label>$INFO[Control.GetLabel(52)][CR]$LOCALIZE[13271] $INFO[System.CPUUsage][CR]$LOCALIZE[31059] $INFO[system.memory(used.percent)]</label>
			<textcolor>$VAR[TextColor1]</textcolor>
			<align>right</align>
			<aligny>bottom</aligny>
		</control>
		
		<!-- Submenu indicator -->
		<control type="group">
			<visible>!ControlGroup(9002).HasFocus + !Window.IsVisible(shutdownmenu)</visible>
			<include>VisibleFadeAnimation</include>
			<animation effect="slide" time="200" start="-200,0" end="0,0">WindowOpen</animation>
			<animation effect="slide" time="200" start="0,0" end="-200,0">WindowClose</animation>
			<control type="image">
				<left>10</left>
				<centertop>50%</centertop>
				<width>30</width>
				<height>30</height>
				<texture colordiffuse="$VAR[DialogColor2]">sub-menu-left.png</texture>
			</control>
		</control>

		<!-- Settings quick-nav -->
		<control type="group" id="9002">
			<include>NotificationDepth</include>
			<control type="image">
				<include>FullscreenOverlayDimensions</include>
				<texture colordiffuse="$VAR[DarkenColor]">dialogs/DialogTextBackground.png</texture>
				<include>VisibleFadeAnimation</include>
				<visible>ControlGroup(9002).HasFocus</visible>
				<include>BackgroundDepth</include>
			</control>
			<control type="group">
				<left>-460</left>
				<top>0</top>
				<animation effect="slide" start="0,0" end="460,0" time="200" condition="ControlGroup(9002).HasFocus">Conditional</animation>
				<control type="button">
					<include>OptionsSideMenu1</include>
					<texturefocus>noop</texturefocus>
				</control>

				<control type="image">
					<include>OptionsSideMenu1</include>
					<texture colordiffuse="$VAR[OverlayColor]">dialogs/Background.png</texture>
				</control>

				<control type="grouplist" id="3001">
					<include>OptionsSideMenu3</include>
					<onleft>50</onleft>
					<onright>50</onright>
					<onback>50</onback>
					<scrolltime>200</scrolltime>
					<orientation>vertical</orientation>
					<itemgap>0</itemgap>
					<defaultcontrol always="true">190</defaultcontrol>

					<include content="SideMenuAnimation">
						<param name="containerID">3001</param>
					</include>

					<control type="button" id="190">
						<label>14206</label>
						<height>52</height>
						<onclick>ReplaceWindow(InterfaceSettings)</onclick>
						<texturefocus colordiffuse="$VAR[buttonfocus]">common/focus52.png</texturefocus>
					</control>
					<control type="button" id="191">
						<label>16003</label>
						<height>52</height>
						<onclick>ReplaceWindow(PlayerSettings)</onclick>
						<texturefocus colordiffuse="$VAR[buttonfocus]">common/focus52.png</texturefocus>
					</control>
					<control type="button" id="192">
						<label>14211</label>
						<height>52</height>
						<onclick>ReplaceWindow(MediaSettings)</onclick>
						<texturefocus colordiffuse="$VAR[buttonfocus]">common/focus52.png</texturefocus>
					</control>
					<control type="button" id="193">
						<label>31015</label>
						<height>52</height>
						<onclick>ReplaceWindow(PVRSettings)</onclick>
						<texturefocus colordiffuse="$VAR[buttonfocus]">common/focus52.png</texturefocus>
					</control>
					<control type="button" id="194">
						<label>13200</label>
						<height>52</height>
						<onclick>ReplaceWindow(Profiles)</onclick>
						<texturefocus colordiffuse="$VAR[buttonfocus]">common/focus52.png</texturefocus>
					</control>
					<control type="button" id="195">
						<label>14036</label>
						<height>52</height>
						<onclick>ReplaceWindow(ServiceSettings)</onclick>
						<texturefocus colordiffuse="$VAR[buttonfocus]">common/focus52.png</texturefocus>
					</control>
					<control type="button" id="196">
						<label>13000</label>
						<height>52</height>
						<onclick>ReplaceWindow(SystemSettings)</onclick>
						<texturefocus colordiffuse="$VAR[buttonfocus]">common/focus52.png</texturefocus>
					</control>
					<control type="button" id="197">
						<label>130</label>
						<height>52</height>
						<onclick>ReplaceWindow(SystemInfo)</onclick>
						<texturefocus colordiffuse="$VAR[buttonfocus]">common/focus52.png</texturefocus>
					</control>
					
					<include>SideMenuControls</include>
					
				</control>
			</control>
		</control>

		<!-- Hidden label -->
		<control type="label" id="52">
			<font></font>
		</control>

		<include>MaskingBars</include>

	</controls>

</window>
