<?xml version="1.0" encoding="UTF-8"?>
<includes>

	<include name="Viewtype539">
		
		<!-- Wall low (videos) -->
		<control type="group">
			<visible>Control.IsVisible(539)</visible>

			<!-- Thumbs -->
			<control type="panel" id="539">
				<include>Viewtype539_coords1</include>
				<onleft>64</onleft>
				<onup>539</onup>
				<ondown>539</ondown>
				<pagecontrol>64</pagecontrol>
				<preloaditems>4</preloaditems>
				<viewtype label="$LOCALIZE[31113]">icon</viewtype>
				<scrolltime tween="sine" easing="out">240</scrolltime>
				<visible>Container.Content(videos)</visible>
				<include>DefaultView</include>

				<include>Viewtype539_coords2</include>

				<include>Viewtype539_coords3</include>
				
			</control>

			<control type="group">
				<include>Viewtype539_coords4</include>

				<!-- Title -->
				<control type="fadelabel">
					<include>Viewtype539_coords5</include>
					<font>Font72</font>
					<align>center</align>
					<textcolor>$VAR[TextColor1]</textcolor>
					<label>$VAR[Label1]</label>
					<scrollspeed>120</scrollspeed>
				</control>

				<!-- Details -->
				<control type="fadelabel">
					<include>Viewtype539_coords6</include>
					<font>Font27</font>
					<align>center</align>
					<aligny>top</aligny>
					<label>$VAR[Label2]</label>
					<textcolor>$VAR[TextColor1]</textcolor>
				</control>

			</control>

		</control>

	</include>

	<include name="image-539">
		<param name="fallback">DefaultVideos.png</param>
		<param name="colordiffuse">FFFFFFFF</param>
		<param name="visible">False</param>
		<definition>
			<control type="image">
				<include>Viewtype539_coords7</include>
				<colordiffuse>$PARAM[colordiffuse]</colordiffuse>
				<texture fallback="$PARAM[fallback]" background="true">$VAR[mediaImages]</texture>
				<aspectratio align="center" aligny="center">keep</aspectratio>
				<visible>$PARAM[visible]</visible>
				<visible>!Integer.IsEqual(Container.NumItems,0) | [Integer.IsEqual(Container.NumItems,0) + ListItem.IsParentFolder]</visible>
			</control>
		</definition>
	</include>
	
	<include name="image-539-focused">
		<param name="fallback">DefaultVideos.png</param>
		<param name="colordiffuse">FFFFFFFF</param>
		<param name="visible">False</param>
		<definition>
			<control type="image">
				<include>Viewtype539_coords8</include>
				<colordiffuse>$PARAM[colordiffuse]</colordiffuse>
				<texture fallback="$PARAM[fallback]" background="true">$VAR[mediaImages]</texture>
				<aspectratio align="center" aligny="center">keep</aspectratio>
				<visible>$PARAM[visible]</visible>
				<visible>!Integer.IsEqual(Container.NumItems,0) | [Integer.IsEqual(Container.NumItems,0) + ListItem.IsParentFolder]</visible>
			</control>
		</definition>
	</include>

</includes>
